Number,Last Name,First Name,Start,End,Party,State,Wikipedia
1,Washington,George,1789,1797,Independent,Virginia,https://en.wikipedia.org/wiki/George_Washington
2,Adams,John,1797,1801,Federalist,Massachusetts,https://en.wikipedia.org/wiki/John_Adams
3,Jefferson,Thomas,1801,1809,Democratic-Republican,Virginia,https://en.wikipedia.org/wiki/Thomas_Jefferson
4,Madison,James,1809,1817,Democratic-Republican,Virginia,https://en.wikipedia.org/wiki/James_Madison
5,Monroe,James,1817,1825,Democratic-Republican,Virginia,https://en.wikipedia.org/wiki/James_Monroe
6,Adams,John Q.,1825,1829,Democratic-Republican/National Republican,Massachusetts,https://en.wikipedia.org/wiki/John_Quincy_Adams
7,Jackson,Andrew,1829,1837,Democratic,Tennessee,https://en.wikipedia.org/wiki/Andrew_Jackson
8,Van Buren,Martin,1837,1841,Democratic,New York,https://en.wikipedia.org/wiki/Martin_Van_Buren
9,Harrison,William H.,1841,1841,Whig,Ohio,https://en.wikipedia.org/wiki/William_Henry_Harrison
10,Tyler,John,1841,1845,Whig,Virginia,https://en.wikipedia.org/wiki/John_Tyler
